Name,Value,Date
Moučníky,158.00,18.01.2023
Moučníky,79.00,08.02.2023
Alkohol,396.00,08.02.2023
Nealko,147.00,09.02.2023
Nezaplaceno,78.00,11.02.2023
Nealko,195.00,12.02.2023
Alkohol,237.00,12.02.2023
Slané,79.00,14.02.2023
Koktejly,109.00,14.02.2023
Dorty,583.00,14.02.2023
Káva,1197.00,14.02.2023
Nealko,196.00,14.02.2023
Alkohol,60.00,14.02.2023
Slané,79.00,15.02.2023
Dorty,712.00,15.02.2023
Káva,965.00,15.02.2023
Nealko,104.00,15.02.2023
Alkohol,360.00,15.02.2023
Dorty,1068.00,16.02.2023
Káva,777.00,16.02.2023
Nealko,65.00,16.02.2023
Alkohol,60.00,16.02.2023
Koktejly,218.00,17.02.2023
Dorty,890.00,17.02.2023
Káva,826.00,17.02.2023
Nealko,257.00,17.02.2023
Teplé nealko,55.00,17.02.2023
Slané,158.00,18.02.2023
Koktejly,119.00,18.02.2023
Dorty,1335.00,18.02.2023
Káva,1572.00,18.02.2023
Nealko,420.00,18.02.2023
Alkohol,169.00,18.02.2023
Teplé nealko,220.00,18.02.2023
Slané,267.00,19.02.2023
Dorty,1048.00,19.02.2023
Káva,1234.00,19.02.2023
Nealko,560.00,19.02.2023
Slané,158.00,20.02.2023
Dorty,900.00,20.02.2023
Káva,1029.00,20.02.2023
Nealko,117.00,20.02.2023
Dorty,445.00,21.02.2023
Káva,670.00,21.02.2023
Nealko,104.00,21.02.2023
Alkohol,120.00,21.02.2023
Dorty,267.50,22.02.2023
Káva,580.00,22.02.2023
Nealko,364.50,22.02.2023
Alkohol,120.00,22.02.2023
Teplé nealko,110.00,22.02.2023
Teplé alkoholické nápoje,68.00,22.02.2023
Koktejly,218.00,23.02.2023
Dorty,979.00,23.02.2023
Káva,1197.00,23.02.2023
Nealko,349.00,23.02.2023
Ostatní základní sazba,6.00,23.02.2023
Nezaplaceno,446.00,23.02.2023
Slané,158.00,24.02.2023
Koktejly,218.00,24.02.2023
Dorty,455.00,24.02.2023
Káva,1105.00,24.02.2023
Nealko,342.00,24.02.2023
Teplé nealko,165.00,24.02.2023
Nezaplaceno,446.00,24.02.2023
Slané,327.00,25.02.2023
Koktejly,327.00,25.02.2023
Dorty,2463.00,25.02.2023
Káva,2597.00,25.02.2023
Nealko,719.00,25.02.2023
Alkohol,139.00,25.02.2023
Teplé nealko,165.00,25.02.2023
Teplé alkoholické nápoje,65.00,25.02.2023
Koktejly,218.00,26.02.2023
Dorty,3076.00,26.02.2023
Káva,3022.50,26.02.2023
Nealko,825.50,26.02.2023
Teplé nealko,385.00,26.02.2023
Teplé alkoholické nápoje,263.00,26.02.2023
Dorty,267.00,27.02.2023
Káva,629.00,27.02.2023
Nealko,104.00,27.02.2023
Alkohol,290.00,27.02.2023
Teplé alkoholické nápoje,65.00,27.02.2023
Koktejly,218.00,28.02.2023
Dorty,386.00,28.02.2023
Káva,917.00,28.02.2023
Nealko,273.00,28.02.2023
Teplé nealko,55.00,28.02.2023
Teplé alkoholické nápoje,65.00,28.02.2023
Slané,79.00,01.03.2023
Dorty,1306.00,01.03.2023
Káva,1201.00,01.03.2023
Nealko,728.00,01.03.2023
Teplé alkoholické nápoje,130.00,01.03.2023
Koktejly,555.00,02.03.2023
Dorty,1157.00,02.03.2023
Káva,1629.00,02.03.2023
Nealko,299.00,02.03.2023
Teplé alkoholické nápoje,130.00,02.03.2023
Nezaplaceno,89.00,02.03.2023
Slané,258.00,03.03.2023
Koktejly,109.00,03.03.2023
Dorty,1177.00,03.03.2023
Káva,2689.00,03.03.2023
Nealko,550.00,03.03.2023
Alkohol,568.00,03.03.2023
Teplé nealko,220.00,03.03.2023
Teplé alkoholické nápoje,396.00,03.03.2023
Slané,316.00,04.03.2023
Koktejly,1199.00,04.03.2023
Nealko koktejly a vina,99.00,04.03.2023
Dorty,4214.00,04.03.2023
Káva,4722.00,04.03.2023
Nealko,1300.00,04.03.2023
Alkohol,360.00,04.03.2023
Teplé nealko,220.00,04.03.2023
Teplé alkoholické nápoje,529.00,04.03.2023
Slané,79.00,05.03.2023
Dorty,3224.00,05.03.2023
Káva,3115.50,05.03.2023
Nealko,1172.00,05.03.2023
Alkohol,398.00,05.03.2023
Teplé nealko,165.00,05.03.2023
Teplé alkoholické nápoje,195.00,05.03.2023
Dorty,1523.00,06.03.2023
Káva,1259.00,06.03.2023
Nealko,273.50,06.03.2023
Teplé alkoholické nápoje,201.00,06.03.2023
Dorty,277.00,07.03.2023
Káva,480.00,07.03.2023
Nealko,137.00,07.03.2023
Alkohol,60.00,07.03.2023
Slané,129.00,08.03.2023
Dorty,836.60,08.03.2023
Káva,636.00,08.03.2023
Nealko,213.30,08.03.2023
Alkohol,49.00,08.03.2023
Teplé nealko,165.00,08.03.2023
Teplé alkoholické nápoje,65.00,08.03.2023
Dorty,366.00,09.03.2023
Káva,827.00,09.03.2023
Nealko,244.00,09.03.2023
Alkohol,175.00,09.03.2023
Slané,832.00,10.03.2023
Koktejly,1100.00,10.03.2023
Nealko koktejly a vina,95.00,10.03.2023
Dorty,2616.50,10.03.2023
Káva,2546.50,10.03.2023
Nealko,1303.00,10.03.2023
Alkohol,455.00,10.03.2023
Teplé nealko,275.00,10.03.2023
Koktejly,109.00,11.03.2023
Dorty,2443.00,11.03.2023
Káva,2201.00,11.03.2023
Nealko,243.00,11.03.2023
Alkohol,627.00,11.03.2023
Teplé nealko,330.00,11.03.2023
Teplé alkoholické nápoje,65.00,11.03.2023
Slané,317.00,12.03.2023
Koktejly,436.00,12.03.2023
Nealko koktejly a vina,204.00,12.03.2023
Dorty,3244.00,12.03.2023
Káva,5919.00,12.03.2023
Nealko,1700.00,12.03.2023
Alkohol,194.00,12.03.2023
Teplé nealko,220.00,12.03.2023
Teplé alkoholické nápoje,130.00,12.03.2023
Koktejly,565.00,13.03.2023
Dorty,534.00,13.03.2023
Káva,1121.00,13.03.2023
Nealko,127.00,13.03.2023
Teplé nealko,110.00,13.03.2023
Nealko koktejly a vina,47.50,14.03.2023
Dorty,920.00,14.03.2023
Káva,1506.00,14.03.2023
Nealko,299.50,14.03.2023
Teplé alkoholické nápoje,130.00,14.03.2023
Koktejly,119.00,15.03.2023
Dorty,1474.00,15.03.2023
Káva,1814.00,15.03.2023
Nealko,521.00,15.03.2023
Alkohol,60.00,15.03.2023
Teplé nealko,165.00,15.03.2023
Teplé alkoholické nápoje,130.00,15.03.2023
Koktejly,129.00,16.03.2023
Dorty,1365.00,16.03.2023
Káva,1431.00,16.03.2023
Nealko,397.00,16.03.2023
Alkohol,130.00,16.03.2023
Teplé nealko,55.00,16.03.2023
Teplé alkoholické nápoje,68.00,16.03.2023
Slané,129.00,17.03.2023
Koktejly,1357.00,17.03.2023
Nealko koktejly a vina,109.00,17.03.2023
Dorty,3758.00,17.03.2023
Káva,4344.00,17.03.2023
Nealko,1540.00,17.03.2023
Alkohol,1117.00,17.03.2023
Teplé nealko,385.00,17.03.2023
Teplé alkoholické nápoje,65.00,17.03.2023
Slané,905.00,18.03.2023
Koktejly,2994.00,18.03.2023
Nealko koktejly a vina,317.00,18.03.2023
Dorty,8338.00,18.03.2023
Káva,9698.00,18.03.2023
Nealko,3546.50,18.03.2023
Alkohol,624.00,18.03.2023
Teplé nealko,440.00,18.03.2023
Teplé alkoholické nápoje,68.00,18.03.2023
Slané,375.00,19.03.2023
Koktejly,1061.00,19.03.2023
Nealko koktejly a vina,317.00,19.03.2023
Dorty,7176.90,19.03.2023
Káva,9655.70,19.03.2023
Nealko,3484.60,19.03.2023
Alkohol,820.00,19.03.2023
Teplé nealko,165.00,19.03.2023
Teplé alkoholické nápoje,461.00,19.03.2023
Ostatní základní sazba,18.00,19.03.2023
Koktejly,387.00,20.03.2023
Nealko koktejly a vina,47.50,20.03.2023
Dorty,1296.50,20.03.2023
Káva,2506.50,20.03.2023
Nealko,836.50,20.03.2023
Alkohol,675.00,20.03.2023
Teplé nealko,55.00,20.03.2023
Koktejly,109.00,21.03.2023
Nealko koktejly a vina,47.50,21.03.2023
Dorty,1256.00,21.03.2023
Káva,1703.00,21.03.2023
Nealko,468.00,21.03.2023
Alkohol,147.00,21.03.2023
Teplé nealko,165.00,21.03.2023
Koktejly,249.80,22.03.2023
Dorty,1079.10,22.03.2023
Káva,2287.00,22.03.2023
Nealko,827.00,22.03.2023
Alkohol,453.10,22.03.2023
Slané,168.50,23.03.2023
Koktejly,218.00,23.03.2023
Nealko koktejly a vina,95.00,23.03.2023
Dorty,1355.00,23.03.2023
Káva,1989.00,23.03.2023
Nealko,774.00,23.03.2023
Alkohol,98.00,23.03.2023
Teplé nealko,110.00,23.03.2023
Slané,75.00,24.03.2023
Koktejly,1487.00,24.03.2023
Nealko koktejly a vina,156.50,24.03.2023
Dorty,1553.00,24.03.2023
Káva,1986.00,24.03.2023
Nealko,839.00,24.03.2023
Alkohol,207.00,24.03.2023
Teplé nealko,55.00,24.03.2023
Nezaplaceno,242.00,24.03.2023
Koktejly,892.00,25.03.2023
Dorty,6004.00,25.03.2023
Káva,5661.00,25.03.2023
Nealko,1665.00,25.03.2023
Alkohol,579.55,25.03.2023
Teplé nealko,550.00,25.03.2023
Teplé alkoholické nápoje,136.00,25.03.2023
Ostatní základní sazba,6.00,25.03.2023
Nezaplaceno,341.00,25.03.2023
Slané,75.00,25.03.2023
Koktejly,109.00,25.03.2023
Dorty,5321.00,25.03.2023
Káva,5488.00,25.03.2023
Nealko,1465.00,25.03.2023
Alkohol,169.00,25.03.2023
Teplé nealko,220.00,25.03.2023
Ostatní základní sazba,24.00,25.03.2023
Nezaplaceno,590.00,25.03.2023
Dorty,277.00,27.03.2023
Káva,296.00,27.03.2023
Alkohol,265.00,27.03.2023
Teplé nealko,55.00,27.03.2023
Nezaplaceno,590.00,27.03.2023
Slané,90.70,28.03.2023
Koktejly,218.00,28.03.2023
Dorty,1138.90,28.03.2023
Káva,844.50,28.03.2023
Nealko,229.30,28.03.2023
Alkohol,159.00,28.03.2023
Teplé nealko,55.00,28.03.2023
Teplé alkoholické nápoje,65.00,28.03.2023
Dorty,534.00,29.03.2023
Káva,1325.00,29.03.2023
Nealko,407.00,29.03.2023
Alkohol,180.00,29.03.2023
Teplé nealko,165.00,29.03.2023
Ostatní základní sazba,6.00,29.03.2023
Koktejly,1274.00,30.03.2023
Nealko koktejly a vina,109.00,30.03.2023
Dorty,1335.00,30.03.2023
Káva,1087.00,30.03.2023
Nealko,709.00,30.03.2023
Alkohol,60.00,30.03.2023
Teplé nealko,220.00,30.03.2023
Teplé alkoholické nápoje,65.00,30.03.2023
Slané,258.00,31.03.2023
Koktejly,327.00,31.03.2023
Dorty,722.00,31.03.2023
Káva,1501.00,31.03.2023
Nealko,299.00,31.03.2023
Alkohol,49.00,31.03.2023
Teplé nealko,110.00,31.03.2023
Slané,129.00,01.04.2023
Koktejly,565.00,01.04.2023
Dorty,2166.00,01.04.2023
Káva,2423.00,01.04.2023
Nealko,819.00,01.04.2023
Alkohol,349.00,01.04.2023
Teplé nealko,220.00,01.04.2023
Dorty,1998.00,02.04.2023
Káva,3347.00,02.04.2023
Nealko,989.50,02.04.2023
Alkohol,98.00,02.04.2023
Teplé nealko,110.00,02.04.2023
Teplé alkoholické nápoje,68.00,02.04.2023
Slané,214.05,03.04.2023
Dorty,1167.00,03.04.2023
Káva,1383.20,03.04.2023
Nealko,487.75,03.04.2023
Alkohol,180.00,03.04.2023
Teplé nealko,148.50,03.04.2023
Teplé alkoholické nápoje,65.00,03.04.2023
Koktejly,327.00,04.04.2023
Dorty,366.00,04.04.2023
Káva,485.00,04.04.2023
Nealko,65.00,04.04.2023
Koktejly,109.00,05.04.2023
Dorty,1328.00,05.04.2023
Káva,1689.00,05.04.2023
Nealko,728.00,05.04.2023
Teplé nealko,110.00,05.04.2023
Dorty,1098.00,06.04.2023
Káva,1119.00,06.04.2023
Nealko,153.00,06.04.2023
Alkohol,230.00,06.04.2023
Teplé nealko,330.00,06.04.2023
Ostatní základní sazba,16.00,06.04.2023
Slané,354.00,07.04.2023
Koktejly,119.00,07.04.2023
Dorty,2720.00,07.04.2023
Káva,4594.00,07.04.2023
Nealko,990.00,07.04.2023
Alkohol,469.00,07.04.2023
Teplé nealko,385.00,07.04.2023
Teplé alkoholické nápoje,201.00,07.04.2023
Koktejly,337.00,08.04.2023
Dorty,4550.00,08.04.2023
Káva,6946.00,08.04.2023
Nealko,1981.00,08.04.2023
Alkohol,480.00,08.04.2023
Teplé nealko,660.00,08.04.2023
Teplé alkoholické nápoje,195.00,08.04.2023
Slané,267.00,09.04.2023
Koktejly,218.00,09.04.2023
Dorty,6637.00,09.04.2023
Káva,8573.00,09.04.2023
Nealko,2044.00,09.04.2023
Alkohol,395.00,09.04.2023
Teplé nealko,550.00,09.04.2023
Teplé alkoholické nápoje,266.00,09.04.2023
Slané,475.20,10.04.2023
Koktejly,1195.00,10.04.2023
Dorty,5994.00,10.04.2023
Káva,10080.40,10.04.2023
Nealko,3466.20,10.04.2023
Alkohol,49.00,10.04.2023
Teplé nealko,110.00,10.04.2023
Dorty,722.00,12.04.2023
Káva,1519.00,12.04.2023
Nealko,650.50,12.04.2023
Alkohol,196.00,12.04.2023
Teplé nealko,110.00,12.04.2023
Koktejly,109.00,13.04.2023
Nealko koktejly a vina,208.00,13.04.2023
Dorty,910.00,13.04.2023
Káva,1240.00,13.04.2023
Nealko,244.00,13.04.2023
Teplé nealko,55.00,13.04.2023
Ostatní základní sazba,10.00,13.04.2023
Slané,208.00,14.04.2023
Koktejly,392.00,14.04.2023
Dorty,1177.00,14.04.2023
Káva,1770.00,14.04.2023
Nealko,782.00,14.04.2023
Alkohol,176.00,14.04.2023
Teplé nealko,55.00,14.04.2023
Slané,258.00,15.04.2023
Koktejly,1051.00,15.04.2023
Nealko koktejly a vina,208.00,15.04.2023
Dorty,5875.00,15.04.2023
Káva,5991.00,15.04.2023
Nealko,1393.00,15.04.2023
Alkohol,1759.00,15.04.2023
Teplé nealko,330.00,15.04.2023
Teplé alkoholické nápoje,520.00,15.04.2023
Ostatní základní sazba,8.00,15.04.2023
Koktejly,327.00,16.04.2023
Dorty,5723.10,16.04.2023
Káva,6624.00,16.04.2023
Nealko,2524.50,16.04.2023
Alkohol,679.00,16.04.2023
Teplé nealko,275.00,16.04.2023
Ostatní základní sazba,8.00,16.04.2023
Koktejly,109.00,17.04.2023
Dorty,1355.00,17.04.2023
Káva,2374.00,17.04.2023
Nealko,794.00,17.04.2023
Alkohol,289.00,17.04.2023
Teplé nealko,165.00,17.04.2023
Slané,129.00,18.04.2023
Koktejly,652.00,18.04.2023
Nealko koktejly a vina,99.00,18.04.2023
Dorty,1642.00,18.04.2023
Káva,1425.00,18.04.2023
Nealko,339.00,18.04.2023
Alkohol,218.00,18.04.2023
Dorty,989.00,19.04.2023
Káva,1182.00,19.04.2023
Nealko,560.00,19.04.2023
Teplé alkoholické nápoje,130.00,19.04.2023
Slané,129.00,20.04.2023
Koktejly,694.00,20.04.2023
Dorty,1408.40,20.04.2023
Káva,3600.60,20.04.2023
Nealko,1465.00,20.04.2023
Alkohol,158.00,20.04.2023
Teplé nealko,55.00,20.04.2023
Slané,645.00,21.04.2023
Koktejly,2914.00,21.04.2023
Nealko koktejly a vina,208.00,21.04.2023
Dorty,1919.00,21.04.2023
Káva,4128.50,21.04.2023
Nealko,1456.50,21.04.2023
Alkohol,810.00,21.04.2023
Teplé nealko,220.00,21.04.2023
Teplé alkoholické nápoje,68.00,21.04.2023
Slané,258.00,22.04.2023
Koktejly,5738.00,22.04.2023
Nealko koktejly a vina,416.00,22.04.2023
Dorty,6053.50,22.04.2023
Káva,10938.00,22.04.2023
Nealko,4277.50,22.04.2023
Alkohol,686.00,22.04.2023
Slané,483.00,23.04.2023
Koktejly,1110.00,23.04.2023
Nealko koktejly a vina,198.00,23.04.2023
Dorty,5014.00,23.04.2023
Káva,8588.00,23.04.2023
Nealko,4393.00,23.04.2023
Alkohol,359.00,23.04.2023
Teplé nealko,275.00,23.04.2023
Koktejly,258.00,24.04.2023
Dorty,811.00,24.04.2023
Káva,1437.00,24.04.2023
Nealko,203.00,24.04.2023
Teplé nealko,55.00,24.04.2023
Koktejly,456.00,25.04.2023
Dorty,712.00,25.04.2023
Káva,1211.00,25.04.2023
Nealko,283.00,25.04.2023
Dorty,1335.00,26.04.2023
Káva,2119.00,26.04.2023
Nealko,592.00,26.04.2023
Teplé nealko,55.00,26.04.2023
Koktejly,872.00,27.04.2023
Nealko koktejly a vina,109.00,27.04.2023
Dorty,2403.50,27.04.2023
Káva,2730.50,27.04.2023
Nealko,1175.00,27.04.2023
Alkohol,120.00,27.04.2023
Teplé nealko,495.00,27.04.2023
Teplé alkoholické nápoje,65.00,27.04.2023
Slané,129.00,28.04.2023
Koktejly,446.00,28.04.2023
Dorty,2176.00,28.04.2023
Káva,3137.00,28.04.2023
Nealko,917.50,28.04.2023
Alkohol,49.00,28.04.2023
Teplé nealko,330.00,28.04.2023
Koktejly,357.00,29.04.2023
Dorty,3778.00,29.04.2023
Káva,4755.00,29.04.2023
Nealko,1458.00,29.04.2023
Alkohol,594.00,29.04.2023
Teplé nealko,165.00,29.04.2023
Ostatní základní sazba,8.00,29.04.2023
Slané,612.00,30.04.2023
Koktejly,1160.00,30.04.2023
Dorty,6428.00,30.04.2023
Káva,7883.50,30.04.2023
Nealko,3120.00,30.04.2023
Alkohol,524.00,30.04.2023
Teplé nealko,330.00,30.04.2023
Teplé alkoholické nápoje,65.00,30.04.2023
Slané,558.00,01.05.2023
Koktejly,2785.00,01.05.2023
Nealko koktejly a vina,713.00,01.05.2023
Dorty,7358.00,01.05.2023
Káva,11835.50,01.05.2023
Nealko,5244.50,01.05.2023
Alkohol,414.00,01.05.2023
Teplé nealko,110.00,01.05.2023
Koktejly,238.00,02.05.2023
Dorty,811.00,02.05.2023
Káva,1318.00,02.05.2023
Nealko,234.00,02.05.2023
Koktejly,129.00,03.05.2023
Dorty,1256.50,03.05.2023
Káva,2080.00,03.05.2023
Nealko,393.50,03.05.2023
Alkohol,420.00,03.05.2023
Teplé nealko,220.00,03.05.2023
Teplé alkoholické nápoje,65.00,03.05.2023
Slané,79.00,04.05.2023
Koktejly,228.00,04.05.2023
Nealko koktejly a vina,317.00,04.05.2023
Dorty,2245.00,04.05.2023
Káva,3288.00,04.05.2023
Nealko,855.00,04.05.2023
Teplé nealko,110.00,04.05.2023
Koktejly,3568.00,05.05.2023
Nealko koktejly a vina,535.00,05.05.2023
Dorty,3076.00,05.05.2023
Káva,4831.50,05.05.2023
Nealko,2337.50,05.05.2023
Alkohol,874.00,05.05.2023
Slané,337.00,06.05.2023
Koktejly,3350.50,06.05.2023
Nealko koktejly a vina,307.00,06.05.2023
Dorty,5044.00,06.05.2023
Káva,7349.50,06.05.2023
Nealko,3192.50,06.05.2023
Alkohol,803.00,06.05.2023
Teplé nealko,165.00,06.05.2023
Teplé alkoholické nápoje,68.00,06.05.2023
Ostatní základní sazba,8.00,06.05.2023
Slané,558.00,07.05.2023
Koktejly,2280.00,07.05.2023
Dorty,8892.00,07.05.2023
Káva,11053.00,07.05.2023
Nealko,3426.00,07.05.2023
Alkohol,436.00,07.05.2023
Teplé nealko,880.00,07.05.2023
Teplé alkoholické nápoje,331.00,07.05.2023
Ostatní základní sazba,8.00,07.05.2023
Nezaplaceno,258.00,07.05.2023
Slané,279.00,08.05.2023
Koktejly,4460.00,08.05.2023
Nealko koktejly a vina,624.00,08.05.2023
Dorty,5558.00,08.05.2023
Káva,9754.00,08.05.2023
Nealko,4336.00,08.05.2023
Alkohol,365.00,08.05.2023
Teplé nealko,110.00,08.05.2023
Koktejly,545.00,10.05.2023
Dorty,1246.00,10.05.2023
Káva,2399.00,10.05.2023
Nealko,1307.00,10.05.2023
Alkohol,501.00,10.05.2023
Teplé nealko,55.00,10.05.2023
Koktejly,1297.00,11.05.2023
Nealko koktejly a vina,95.00,11.05.2023
Dorty,2759.00,11.05.2023
Káva,2751.00,11.05.2023
Nealko,2246.50,11.05.2023
Alkohol,735.00,11.05.2023
Teplé nealko,55.00,11.05.2023
Slané,548.00,12.05.2023
Koktejly,1467.00,12.05.2023
Nealko koktejly a vina,184.00,12.05.2023
Dorty,2255.50,12.05.2023
Káva,3521.50,12.05.2023
Nealko,734.00,12.05.2023
Alkohol,169.00,12.05.2023
Teplé nealko,550.00,12.05.2023
Teplé alkoholické nápoje,195.00,12.05.2023
Ostatní základní sazba,18.00,12.05.2023
Nezaplaceno,89.00,12.05.2023
Slané,674.00,13.05.2023
Koktejly,5649.00,13.05.2023
Nealko koktejly a vina,1027.00,13.05.2023
Dorty,8189.00,13.05.2023
Káva,13297.00,13.05.2023
Nealko,4635.00,13.05.2023
Alkohol,1532.00,13.05.2023
Teplé nealko,440.00,13.05.2023
Nezaplaceno,138.00,13.05.2023
Slané,79.00,14.05.2023
Koktejly,882.00,14.05.2023
Nealko koktejly a vina,194.00,14.05.2023
Dorty,4842.00,14.05.2023
Káva,6025.00,14.05.2023
Nealko,859.00,14.05.2023
Alkohol,60.00,14.05.2023
Teplé nealko,440.00,14.05.2023
Teplé alkoholické nápoje,260.00,14.05.2023
Ostatní základní sazba,36.00,14.05.2023
Nezaplaceno,138.00,14.05.2023
Koktejly,771.00,16.05.2023
Nealko koktejly a vina,194.00,16.05.2023
Dorty,821.00,16.05.2023
Káva,1147.00,16.05.2023
Nealko,326.00,16.05.2023
Teplé nealko,55.00,16.05.2023
Nezaplaceno,182.00,16.05.2023
Dorty,178.00,17.05.2023
Káva,208.00,17.05.2023
Nezaplaceno,444.00,17.05.2023
Slané,238.00,18.05.2023
Koktejly,218.00,18.05.2023
Dorty,1889.00,18.05.2023
Káva,1416.00,18.05.2023
Nealko,517.00,18.05.2023
Alkohol,240.00,18.05.2023
Teplé nealko,165.00,18.05.2023
Ostatní základní sazba,8.00,18.05.2023
Nezaplaceno,1039.00,18.05.2023
Slané,343.00,19.05.2023
Koktejly,3370.00,19.05.2023
Nealko koktejly a vina,745.00,19.05.2023
Dorty,3254.00,19.05.2023
Káva,2817.00,19.05.2023
Nealko,1390.00,19.05.2023
Alkohol,60.00,19.05.2023
Teplé nealko,220.00,19.05.2023
Slané,334.00,20.05.2023
Koktejly,4199.00,20.05.2023
Nealko koktejly a vina,550.00,20.05.2023
Dorty,7705.00,20.05.2023
Káva,10082.00,20.05.2023
Nealko,4032.00,20.05.2023
Alkohol,256.00,20.05.2023
Teplé nealko,287.00,20.05.2023
Teplé alkoholické nápoje,65.00,20.05.2023
Slané,214.00,21.05.2023
Koktejly,2795.00,21.05.2023
Nealko koktejly a vina,1802.00,21.05.2023
Dorty,7259.00,21.05.2023
Káva,8610.00,21.05.2023
Nealko,5639.00,21.05.2023
Alkohol,408.00,21.05.2023
Teplé nealko,177.00,21.05.2023
Koktejly,1209.00,22.05.2023
Nealko koktejly a vina,194.00,22.05.2023
Dorty,1602.00,22.05.2023
Káva,3093.00,22.05.2023
Nealko,1276.00,22.05.2023
Alkohol,255.00,22.05.2023
Slané,548.00,23.05.2023
Koktejly,654.00,23.05.2023
Dorty,801.00,23.05.2023
Káva,1319.00,23.05.2023
Nealko,492.00,23.05.2023
Alkohol,98.00,23.05.2023
Slané,214.00,24.05.2023
Koktejly,2068.00,24.05.2023
Nealko koktejly a vina,178.00,24.05.2023
Dorty,2759.00,24.05.2023
Káva,3876.00,24.05.2023
Nealko,797.00,24.05.2023
Alkohol,315.00,24.05.2023
Teplé nealko,118.00,24.05.2023
Nezaplaceno,606.00,24.05.2023
Slané,85.00,25.05.2023
Koktejly,803.00,25.05.2023
Nealko koktejly a vina,90.00,25.05.2023
Dorty,1790.00,25.05.2023
Káva,3660.00,25.05.2023
Nealko,1450.00,25.05.2023
Teplé nealko,118.00,25.05.2023
Slané,243.00,26.05.2023
Koktejly,1493.00,26.05.2023
Nealko koktejly a vina,105.00,26.05.2023
Dorty,1701.00,26.05.2023
Káva,3935.00,26.05.2023
Nealko,1929.00,26.05.2023
Alkohol,98.00,26.05.2023
Slané,384.00,27.05.2023
Koktejly,4441.00,27.05.2023
Nealko koktejly a vina,1480.00,27.05.2023
Dorty,7477.40,27.05.2023
Káva,10134.00,27.05.2023
Nealko,3693.40,27.05.2023
Alkohol,583.00,27.05.2023
Teplé nealko,177.00,27.05.2023
Slané,475.00,28.05.2023
Koktejly,3497.00,28.05.2023
Nealko koktejly a vina,671.50,28.05.2023
Dorty,4325.40,28.05.2023
Káva,8106.00,28.05.2023
Nealko,4300.00,28.05.2023
Alkohol,196.00,28.05.2023
Teplé nealko,59.00,28.05.2023
Ostatní základní sazba,8.00,28.05.2023
Slané,129.00,29.05.2023
Koktejly,425.00,29.05.2023
Nealko koktejly a vina,178.00,29.05.2023
Dorty,1691.00,29.05.2023
Káva,3159.00,29.05.2023
Nealko,1414.00,29.05.2023
Koktejly,1209.00,30.05.2023
Nealko koktejly a vina,582.00,30.05.2023
Dorty,1424.00,30.05.2023
Káva,1902.00,30.05.2023
Nealko,782.00,30.05.2023
Alkohol,122.00,30.05.2023
Koktejly,1675.00,31.05.2023
Nealko koktejly a vina,267.00,31.05.2023
Dorty,2108.00,31.05.2023
Káva,2622.00,31.05.2023
Nealko,1739.00,31.05.2023
Alkohol,55.00,31.05.2023
Teplé nealko,59.00,31.05.2023
Slané,85.00,01.06.2023
Koktejly,632.00,01.06.2023
Zmrzlina,280.00,01.06.2023
Dorty,455.00,01.06.2023
Káva,1904.00,01.06.2023
Nealko,1389.00,01.06.2023
Alkohol,147.00,01.06.2023
Slané,85.00,02.06.2023
Koktejly,1395.00,02.06.2023
Nealko koktejly a vina,284.00,02.06.2023
Zmrzlina,945.00,02.06.2023
Dorty,1701.00,02.06.2023
Káva,3386.00,02.06.2023
Nealko,1486.00,02.06.2023
Alkohol,425.00,02.06.2023
Nezaplaceno,218.00,02.06.2023
Slané,238.00,03.06.2023
Koktejly,3934.00,03.06.2023
Nealko koktejly a vina,1044.00,03.06.2023
Zmrzlina,1724.50,03.06.2023
Dorty,4726.95,03.06.2023
Káva,8802.95,03.06.2023
Nealko,3097.75,03.06.2023
Alkohol,120.00,03.06.2023
Teplé nealko,118.00,03.06.2023
Ostatní základní sazba,8.00,03.06.2023
Slané,516.00,04.06.2023
Koktejly,2408.00,04.06.2023
Nealko koktejly a vina,881.00,04.06.2023
Zmrzlina,1015.00,04.06.2023
Dorty,6351.20,04.06.2023
Káva,7309.00,04.06.2023
Nealko,3566.00,04.06.2023
Alkohol,654.00,04.06.2023
Ostatní základní sazba,8.00,04.06.2023
Koktejly,664.00,06.06.2023
Nealko koktejly a vina,372.00,06.06.2023
Zmrzlina,560.00,06.06.2023
Dorty,599.00,06.06.2023
Káva,1742.00,06.06.2023
Nealko,414.00,06.06.2023
Alkohol,120.00,06.06.2023
Slané,129.00,07.06.2023
Koktejly,109.00,07.06.2023
Nealko koktejly a vina,105.00,07.06.2023
Zmrzlina,70.00,07.06.2023
Dorty,534.00,07.06.2023
Káva,762.00,07.06.2023
Nealko,240.00,07.06.2023
Teplé nealko,177.00,07.06.2023
Koktejly,565.00,08.06.2023
Zmrzlina,752.50,08.06.2023
Dorty,1486.30,08.06.2023
Káva,2747.00,08.06.2023
Nealko,1277.90,08.06.2023
Alkohol,98.00,08.06.2023
Koktejly,1446.00,09.06.2023
Nealko koktejly a vina,534.00,09.06.2023
Zmrzlina,265.00,09.06.2023
Dorty,1513.00,09.06.2023
Káva,1809.00,09.06.2023
Nealko,599.00,09.06.2023
Teplé nealko,59.00,09.06.2023
Slané,498.00,10.06.2023
Koktejly,3032.00,10.06.2023
Nealko koktejly a vina,525.00,10.06.2023
Zmrzlina,1505.00,10.06.2023
Dorty,3427.00,10.06.2023
Káva,5838.00,10.06.2023
Nealko,2147.00,10.06.2023
Slané,79.00,11.06.2023
Koktejly,1812.00,11.06.2023
Nealko koktejly a vina,283.00,11.06.2023
Zmrzlina,2885.00,11.06.2023
Dorty,4451.00,11.06.2023
Káva,9634.00,11.06.2023
Nealko,4692.00,11.06.2023
Alkohol,414.00,11.06.2023
Teplé nealko,177.00,11.06.2023
Koktejly,1368.00,12.06.2023
Nealko koktejly a vina,445.00,12.06.2023
Zmrzlina,595.00,12.06.2023
Dorty,1261.00,12.06.2023
Káva,2366.00,12.06.2023
Nealko,931.00,12.06.2023
Ostatní základní sazba,8.00,12.06.2023
Koktejly,981.00,13.06.2023
Nealko koktejly a vina,194.00,13.06.2023
Zmrzlina,280.00,13.06.2023
Dorty,1424.00,13.06.2023
Káva,4132.00,13.06.2023
Nealko,1518.00,13.06.2023
Alkohol,147.00,13.06.2023
Koktejly,1754.00,14.06.2023
Nealko koktejly a vina,777.00,14.06.2023
Zmrzlina,840.00,14.06.2023
Dorty,1602.00,14.06.2023
Káva,2805.00,14.06.2023
Nealko,1184.00,14.06.2023
Alkohol,147.00,14.06.2023
Teplé nealko,295.00,14.06.2023
Slané,129.00,15.06.2023
Koktejly,1447.00,15.06.2023
Nealko koktejly a vina,388.00,15.06.2023
Zmrzlina,1245.00,15.06.2023
Dorty,2878.00,15.06.2023
Káva,3701.00,15.06.2023
Nealko,1687.00,15.06.2023
Alkohol,120.00,15.06.2023
Teplé nealko,59.00,15.06.2023
Nezaplaceno,465.00,15.06.2023
Slané,150.00,16.06.2023
Koktejly,2753.00,16.06.2023
Nealko koktejly a vina,995.00,16.06.2023
Zmrzlina,1440.00,16.06.2023
Dorty,2793.00,16.06.2023
Káva,4762.00,16.06.2023
Nealko,1644.00,16.06.2023
Alkohol,98.00,16.06.2023
Teplé nealko,59.00,16.06.2023
Slané,258.00,17.06.2023
Koktejly,3349.00,17.06.2023
Nealko koktejly a vina,897.00,17.06.2023
Zmrzlina,915.00,17.06.2023
Dorty,4984.00,17.06.2023
Káva,8583.00,17.06.2023
Nealko,3948.00,17.06.2023
Alkohol,278.00,17.06.2023
Teplé nealko,59.00,17.06.2023
Koktejly,1753.00,18.06.2023
Nealko koktejly a vina,566.00,18.06.2023
Zmrzlina,1915.00,18.06.2023
Dorty,4659.65,18.06.2023
Káva,7689.25,18.06.2023
Nealko,4243.25,18.06.2023
Alkohol,387.00,18.06.2023
Teplé nealko,59.00,18.06.2023
Koktejly,436.00,19.06.2023
Zmrzlina,1370.00,19.06.2023
Dorty,994.00,19.06.2023
Káva,2601.00,19.06.2023
Nealko,1253.00,19.06.2023
Alkohol,120.00,19.06.2023
Koktejly,347.00,20.06.2023
Nealko koktejly a vina,89.00,20.06.2023
Zmrzlina,1095.00,20.06.2023
Dorty,564.00,20.06.2023
Káva,2553.00,20.06.2023
Nealko,1894.00,20.06.2023
Alkohol,98.00,20.06.2023
Slané,109.00,21.06.2023
Koktejly,1099.00,21.06.2023
Nealko koktejly a vina,356.00,21.06.2023
Zmrzlina,1225.00,21.06.2023
Dorty,1365.00,21.06.2023
Káva,3783.00,21.06.2023
Nealko,1888.00,21.06.2023
Alkohol,138.00,21.06.2023
Ostatní základní sazba,30.00,21.06.2023
Slané,299.00,22.06.2023
Koktejly,850.00,22.06.2023
Nealko koktejly a vina,89.00,22.06.2023
Zmrzlina,875.00,22.06.2023
Dorty,1276.00,22.06.2023
Káva,2418.00,22.06.2023
Nealko,948.00,22.06.2023
Alkohol,49.00,22.06.2023
Koktejly,1317.00,23.06.2023
Nealko koktejly a vina,712.00,23.06.2023
Zmrzlina,1423.00,23.06.2023
Dorty,2759.00,23.06.2023
Káva,4931.00,23.06.2023
Nealko,2164.00,23.06.2023
Alkohol,518.00,23.06.2023
Slané,85.00,24.06.2023
Koktejly,1893.00,24.06.2023
Nealko koktejly a vina,210.00,24.06.2023
Zmrzlina,1050.00,24.06.2023
Dorty,4376.00,24.06.2023
Káva,6671.00,24.06.2023
Nealko,2195.00,24.06.2023
Alkohol,354.00,24.06.2023
Teplé nealko,59.00,24.06.2023
Koktejly,1963.00,25.06.2023
Nealko koktejly a vina,283.00,25.06.2023
Zmrzlina,3465.00,25.06.2023
Dorty,4629.00,25.06.2023
Káva,8142.50,25.06.2023
Nealko,3714.50,25.06.2023
Alkohol,359.00,25.06.2023
Teplé nealko,118.00,25.06.2023
Koktejly,436.00,26.06.2023
Nealko koktejly a vina,178.00,26.06.2023
Zmrzlina,1575.00,26.06.2023
Dorty,683.00,26.06.2023
Káva,2153.00,26.06.2023
Nealko,696.00,26.06.2023
Alkohol,158.00,26.06.2023
Slané,85.00,27.06.2023
Koktejly,585.00,27.06.2023
Nealko koktejly a vina,89.00,27.06.2023
Zmrzlina,1120.00,27.06.2023
Dorty,3086.00,27.06.2023
Káva,4664.00,27.06.2023
Nealko,771.00,27.06.2023
Alkohol,60.00,27.06.2023
Teplé nealko,236.00,27.06.2023
Koktejly,436.00,28.06.2023
Zmrzlina,875.00,28.06.2023
Dorty,2685.00,28.06.2023
Káva,3160.00,28.06.2023
Nealko,860.00,28.06.2023
Alkohol,98.00,28.06.2023
Teplé nealko,59.00,28.06.2023
Koktejly,1001.00,29.06.2023
Nealko koktejly a vina,178.00,29.06.2023
Zmrzlina,840.00,29.06.2023
Dorty,1135.50,29.06.2023
Káva,2072.00,29.06.2023
Nealko,938.00,29.06.2023
Alkohol,49.00,29.06.2023
Koktejly,803.00,30.06.2023
Nealko koktejly a vina,268.00,30.06.2023
Zmrzlina,495.00,30.06.2023
Dorty,267.00,30.06.2023
Káva,1211.00,30.06.2023
Nealko,1451.00,30.06.2023
Alkohol,49.00,30.06.2023
Slané,129.00,01.07.2023
Koktejly,872.00,01.07.2023
Zmrzlina,2855.00,01.07.2023
Dorty,2820.00,01.07.2023
Káva,6358.00,01.07.2023
Nealko,3255.00,01.07.2023
Alkohol,196.00,01.07.2023
Teplé nealko,118.00,01.07.2023
Nezaplaceno,140.00,01.07.2023
Slané,170.00,02.07.2023
Koktejly,1852.00,02.07.2023
Nealko koktejly a vina,1853.00,02.07.2023
Zmrzlina,2750.00,02.07.2023
Dorty,5504.00,02.07.2023
Káva,9260.00,02.07.2023
Nealko,3221.00,02.07.2023
Alkohol,387.00,02.07.2023
Teplé nealko,59.00,02.07.2023
Ostatní základní sazba,8.00,02.07.2023
Nezaplaceno,318.00,02.07.2023
Slané,343.00,03.07.2023
Koktejly,1090.00,03.07.2023
Nealko koktejly a vina,89.00,03.07.2023
Zmrzlina,2615.00,03.07.2023
Dorty,2581.00,03.07.2023
Káva,4138.00,03.07.2023
Nealko,1995.00,03.07.2023
Nezaplaceno,830.00,03.07.2023
Koktejly,922.00,04.07.2023
Nealko koktejly a vina,375.00,04.07.2023
Zmrzlina,1505.00,04.07.2023
Dorty,1988.00,04.07.2023
Káva,5282.00,04.07.2023
Nealko,2021.00,04.07.2023
Alkohol,218.00,04.07.2023
Nezaplaceno,674.00,04.07.2023
Slané,214.00,05.07.2023
Koktejly,3268.00,05.07.2023
Nealko koktejly a vina,389.00,05.07.2023
Zmrzlina,2285.00,05.07.2023
Dorty,4638.00,05.07.2023
Káva,10527.00,05.07.2023
Nealko,4611.80,05.07.2023
Alkohol,523.00,05.07.2023
Teplé nealko,59.00,05.07.2023
Nezaplaceno,356.00,05.07.2023
Slané,129.00,06.07.2023
Koktejly,2784.00,06.07.2023
Nealko koktejly a vina,1415.00,06.07.2023
Zmrzlina,3875.00,06.07.2023
Dorty,6190.00,06.07.2023
Káva,11096.00,06.07.2023
Nealko,5221.00,06.07.2023
Alkohol,338.00,06.07.2023
Teplé nealko,59.00,06.07.2023
Slané,129.00,07.07.2023
Koktejly,2199.00,07.07.2023
Nealko koktejly a vina,535.00,07.07.2023
Zmrzlina,2110.00,07.07.2023
Dorty,3278.00,07.07.2023
Káva,6277.00,07.07.2023
Nealko,4435.00,07.07.2023
Alkohol,523.00,07.07.2023
Slané,639.00,08.07.2023
Koktejly,2527.00,08.07.2023
Nealko koktejly a vina,866.00,08.07.2023
Zmrzlina,2040.00,08.07.2023
Dorty,2309.00,08.07.2023
Káva,6010.00,08.07.2023
Nealko,2980.00,08.07.2023
Alkohol,392.00,08.07.2023
Nezaplaceno,223.00,08.07.2023
Slané,85.00,09.07.2023
Koktejly,1406.00,09.07.2023
Nealko koktejly a vina,283.00,09.07.2023
Zmrzlina,1280.00,09.07.2023
Dorty,1137.00,09.07.2023
Káva,5616.00,09.07.2023
Nealko,2482.50,09.07.2023
Nezaplaceno,790.00,09.07.2023
Nealko koktejly a vina,283.00,10.07.2023
Zmrzlina,350.00,10.07.2023
Dorty,979.00,10.07.2023
Káva,2306.00,10.07.2023
Nealko,1454.00,10.07.2023
Nezaplaceno,1093.00,10.07.2023
Slané,129.00,11.07.2023
Koktejly,1039.55,11.07.2023
Nealko koktejly a vina,290.66,11.07.2023
Zmrzlina,2420.00,11.07.2023
Dorty,1642.00,11.07.2023
Káva,4218.00,11.07.2023
Nealko,2388.00,11.07.2023
Alkohol,739.00,11.07.2023
Teplé nealko,59.00,11.07.2023
Koktejly,337.00,12.07.2023
Nealko koktejly a vina,283.00,12.07.2023
Zmrzlina,955.00,12.07.2023
Dorty,2136.00,12.07.2023
Káva,4301.00,12.07.2023
Nealko,2417.00,12.07.2023
Alkohol,147.00,12.07.2023
Slané,129.00,13.07.2023
Koktejly,2369.00,13.07.2023
Nealko koktejly a vina,267.00,13.07.2023
Zmrzlina,665.00,13.07.2023
Dorty,979.00,13.07.2023
Káva,2414.00,13.07.2023
Nealko,1173.00,13.07.2023
Alkohol,356.00,13.07.2023
Nezaplaceno,120.00,13.07.2023
Koktejly,1546.00,14.07.2023
Nealko koktejly a vina,356.00,14.07.2023
Zmrzlina,805.00,14.07.2023
Dorty,1780.00,14.07.2023
Káva,4249.00,14.07.2023
Nealko,1813.00,14.07.2023
Alkohol,98.00,14.07.2023
Nezaplaceno,120.00,14.07.2023
Slané,255.00,15.07.2023
Koktejly,1060.00,15.07.2023
Nealko koktejly a vina,672.00,15.07.2023
Zmrzlina,1820.00,15.07.2023
Dorty,1544.00,15.07.2023
Káva,4312.00,15.07.2023
Nealko,2449.00,15.07.2023
Alkohol,360.00,15.07.2023
Nezaplaceno,120.00,15.07.2023
Koktejly,555.00,16.07.2023
Nealko koktejly a vina,388.00,16.07.2023
Zmrzlina,1720.00,16.07.2023
Dorty,2344.00,16.07.2023
Káva,4173.00,16.07.2023
Nealko,2825.00,16.07.2023
Alkohol,387.00,16.07.2023
Ostatní základní sazba,10.00,16.07.2023
Nezaplaceno,244.00,16.07.2023
Koktejly,566.00,17.07.2023
Nealko koktejly a vina,178.00,17.07.2023
Zmrzlina,605.00,17.07.2023
Dorty,1602.00,17.07.2023
Káva,2700.00,17.07.2023
Nealko,1042.00,17.07.2023
Alkohol,147.00,17.07.2023
Nezaplaceno,244.00,17.07.2023
Slané,129.00,18.07.2023
Koktejly,436.00,18.07.2023
Nealko koktejly a vina,405.00,18.07.2023
Zmrzlina,1330.00,18.07.2023
Dorty,1219.20,18.07.2023
Káva,4175.80,18.07.2023
Nealko,1507.00,18.07.2023
Nezaplaceno,244.00,18.07.2023
Koktejly,1041.00,19.07.2023
Nealko koktejly a vina,493.00,19.07.2023
Zmrzlina,1505.00,19.07.2023
Dorty,2166.00,19.07.2023
Káva,4799.00,19.07.2023
Nealko,2647.00,19.07.2023
Alkohol,315.00,19.07.2023
Nezaplaceno,244.00,19.07.2023
Slané,85.00,20.07.2023
Koktejly,1269.00,20.07.2023
Nealko koktejly a vina,446.00,20.07.2023
Zmrzlina,1370.00,20.07.2023
Dorty,2270.00,20.07.2023
Káva,5537.00,20.07.2023
Nealko,2826.00,20.07.2023
Alkohol,286.00,20.07.2023
Teplé nealko,118.00,20.07.2023
Nezaplaceno,244.00,20.07.2023
Koktejly,2119.00,21.07.2023
Nealko koktejly a vina,105.00,21.07.2023
Zmrzlina,1445.00,21.07.2023
Dorty,3649.50,21.07.2023
Káva,6523.50,21.07.2023
Nealko,2748.00,21.07.2023
Alkohol,218.00,21.07.2023
Teplé nealko,59.00,21.07.2023
Teplé alkoholické nápoje,65.00,21.07.2023
Slané,158.00,22.07.2023
Koktejly,2882.00,22.07.2023
Nealko koktejly a vina,731.00,22.07.2023
Zmrzlina,1805.00,22.07.2023
Dorty,7684.00,22.07.2023
Káva,10012.00,22.07.2023
Nealko,4050.00,22.07.2023
Alkohol,267.00,22.07.2023
Teplé nealko,118.00,22.07.2023
Slané,208.00,23.07.2023
Koktejly,2577.00,23.07.2023
Nealko koktejly a vina,566.00,23.07.2023
Zmrzlina,2630.00,23.07.2023
Dorty,3801.30,23.07.2023
Káva,9362.30,23.07.2023
Nealko,4703.00,23.07.2023
Alkohol,450.00,23.07.2023
Teplé nealko,59.00,23.07.2023
Ostatní základní sazba,8.00,23.07.2023
Slané,170.00,24.07.2023
Koktejly,1238.00,24.07.2023
Nealko koktejly a vina,284.00,24.07.2023
Zmrzlina,1960.00,24.07.2023
Dorty,2241.00,24.07.2023
Káva,5316.00,24.07.2023
Nealko,2341.00,24.07.2023
Alkohol,426.00,24.07.2023
Ostatní základní sazba,8.00,24.07.2023
Nezaplaceno,256.00,24.07.2023
Slané,129.00,25.07.2023
Koktejly,1090.00,25.07.2023
Nealko koktejly a vina,356.00,25.07.2023
Zmrzlina,945.00,25.07.2023
Dorty,2403.00,25.07.2023
Káva,3868.00,25.07.2023
Nealko,1284.00,25.07.2023
Alkohol,207.00,25.07.2023
Teplé nealko,413.00,25.07.2023
Nezaplaceno,256.00,25.07.2023
Slané,129.00,26.07.2023
Koktejly,466.00,26.07.2023
Nealko koktejly a vina,105.00,26.07.2023
Zmrzlina,805.00,26.07.2023
Dorty,2047.00,26.07.2023
Káva,4314.00,26.07.2023
Nealko,1232.00,26.07.2023
Alkohol,240.00,26.07.2023
Teplé nealko,236.00,26.07.2023
Nezaplaceno,256.00,26.07.2023
Slané,387.00,27.07.2023
Koktejly,3110.00,27.07.2023
Nealko koktejly a vina,744.00,27.07.2023
Zmrzlina,1365.00,27.07.2023
Dorty,5712.00,27.07.2023
Káva,7651.00,27.07.2023
Nealko,2545.00,27.07.2023
Alkohol,769.00,27.07.2023
Teplé nealko,118.00,27.07.2023
Nezaplaceno,256.00,27.07.2023
Slané,170.00,28.07.2023
Koktejly,2675.00,28.07.2023
Nealko koktejly a vina,478.00,28.07.2023
Zmrzlina,1120.00,28.07.2023
Dorty,2895.00,28.07.2023
Káva,5084.00,28.07.2023
Nealko,1829.00,28.07.2023
Alkohol,450.00,28.07.2023
Teplé nealko,354.00,28.07.2023
Nezaplaceno,256.00,28.07.2023
Slané,469.00,29.07.2023
Koktejly,3289.00,29.07.2023
Nealko koktejly a vina,1294.00,29.07.2023
Zmrzlina,2415.00,29.07.2023
Dorty,3087.00,29.07.2023
Káva,7562.00,29.07.2023
Nealko,4228.00,29.07.2023
Alkohol,1082.00,29.07.2023
Teplé nealko,354.00,29.07.2023
Nezaplaceno,256.00,29.07.2023
Koktejly,1239.00,30.07.2023
Nealko koktejly a vina,461.00,30.07.2023
Zmrzlina,1610.00,30.07.2023
Dorty,4867.00,30.07.2023
Káva,7395.00,30.07.2023
Nealko,2413.00,30.07.2023
Alkohol,897.00,30.07.2023
Teplé nealko,59.00,30.07.2023
Nezaplaceno,256.00,30.07.2023
Koktejly,1218.00,31.07.2023
Nealko koktejly a vina,566.00,31.07.2023
Zmrzlina,1505.00,31.07.2023
Dorty,4109.00,31.07.2023
Káva,6939.00,31.07.2023
Nealko,2220.00,31.07.2023
Alkohol,316.00,31.07.2023
Teplé nealko,59.00,31.07.2023
Nezaplaceno,256.00,31.07.2023
Koktejly,327.00,01.08.2023
Zmrzlina,70.00,01.08.2023
Dorty,1424.00,01.08.2023
Káva,1911.00,01.08.2023
Nealko,652.00,01.08.2023
Alkohol,60.00,01.08.2023
Teplé alkoholické nápoje,65.00,01.08.2023
Nezaplaceno,256.00,01.08.2023
Slané,255.00,02.08.2023
Koktejly,2131.00,02.08.2023
Nealko koktejly a vina,283.00,02.08.2023
Zmrzlina,2765.00,02.08.2023
Dorty,4822.00,02.08.2023
Káva,7599.00,02.08.2023
Nealko,2176.00,02.08.2023
Alkohol,616.00,02.08.2023
Teplé nealko,118.00,02.08.2023
Nezaplaceno,315.00,02.08.2023
Koktejly,882.00,03.08.2023
Nealko koktejly a vina,613.30,03.08.2023
Zmrzlina,1025.00,03.08.2023
Dorty,4198.60,03.08.2023
Káva,4187.30,03.08.2023
Nealko,905.60,03.08.2023
Alkohol,496.00,03.08.2023
Teplé nealko,41.30,03.08.2023
Koktejly,1555.00,04.08.2023
Nealko koktejly a vina,534.00,04.08.2023
Zmrzlina,1685.00,04.08.2023
Dorty,2952.50,04.08.2023
Káva,4046.00,04.08.2023
Nealko,1707.00,04.08.2023
Alkohol,196.50,04.08.2023
Teplé alkoholické nápoje,136.00,04.08.2023
Koktejly,2051.00,05.08.2023
Nealko koktejly a vina,582.00,05.08.2023
Zmrzlina,845.00,05.08.2023
Dorty,5711.00,05.08.2023
Káva,6111.90,05.08.2023
Nealko,2206.30,05.08.2023
Alkohol,265.00,05.08.2023
Slané,258.00,06.08.2023
Koktejly,347.00,06.08.2023
Nealko koktejly a vina,250.00,06.08.2023
Dorty,712.00,06.08.2023
Káva,1785.00,06.08.2023
Nealko,1221.00,06.08.2023
Alkohol,98.00,06.08.2023
Koktejly,109.00,07.08.2023
Zmrzlina,259.00,07.08.2023
Dorty,1851.20,07.08.2023
Káva,1340.00,07.08.2023
Nealko,689.60,07.08.2023
Alkohol,240.00,07.08.2023
Teplé nealko,123.90,07.08.2023
Koktejly,544.00,08.08.2023
Nealko koktejly a vina,89.00,08.08.2023
Zmrzlina,425.00,08.08.2023
Dorty,2527.60,08.08.2023
Káva,3565.00,08.08.2023
Nealko,1019.00,08.08.2023
Alkohol,240.00,08.08.2023
Teplé nealko,259.60,08.08.2023
Ostatní základní sazba,20.00,08.08.2023
Koktejly,892.00,09.08.2023
Nealko koktejly a vina,390.00,09.08.2023
Zmrzlina,320.00,09.08.2023
Dorty,2581.00,09.08.2023
Káva,3256.00,09.08.2023
Nealko,819.00,09.08.2023
Alkohol,98.00,09.08.2023
Teplé nealko,59.00,09.08.2023
Slané,466.00,10.08.2023
Koktejly,3001.00,10.08.2023
Nealko koktejly a vina,178.00,10.08.2023
Zmrzlina,1525.00,10.08.2023
Dorty,3902.00,10.08.2023
Káva,6874.30,10.08.2023
Nealko,2021.00,10.08.2023
Alkohol,296.00,10.08.2023
Teplé nealko,59.00,10.08.2023
Ostatní základní sazba,10.00,10.08.2023
Koktejly,4766.00,12.08.2023
Nealko koktejly a vina,1134.00,12.08.2023
Zmrzlina,1735.00,12.08.2023
Dorty,4747.00,12.08.2023
Káva,8720.00,12.08.2023
Nealko,4352.00,12.08.2023
Alkohol,568.00,12.08.2023
Teplé nealko,118.00,12.08.2023
Ostatní základní sazba,20.00,12.08.2023
Slané,85.00,13.08.2023
Koktejly,2168.00,13.08.2023
Nealko koktejly a vina,626.00,13.08.2023
Zmrzlina,2940.00,13.08.2023
Dorty,4243.00,13.08.2023
Káva,7740.00,13.08.2023
Nealko,4226.00,13.08.2023
Alkohol,158.00,13.08.2023
Teplé nealko,118.00,13.08.2023
Ostatní základní sazba,20.00,13.08.2023
Koktejly,1337.00,14.08.2023
Nealko koktejly a vina,477.00,14.08.2023
Zmrzlina,1750.00,14.08.2023
Dorty,1634.00,14.08.2023
Káva,5028.00,14.08.2023
Nealko,2085.00,14.08.2023
Alkohol,49.00,14.08.2023
Teplé nealko,59.00,14.08.2023
Ostatní základní sazba,10.00,14.08.2023
Nezaplaceno,109.00,14.08.2023
Slané,516.00,15.08.2023
Koktejly,1338.00,15.08.2023
Nealko koktejly a vina,478.00,15.08.2023
Zmrzlina,2715.00,15.08.2023
Dorty,3057.00,15.08.2023
Káva,6374.00,15.08.2023
Nealko,3778.00,15.08.2023
Alkohol,267.00,15.08.2023
Teplé nealko,118.00,15.08.2023
Nezaplaceno,532.00,15.08.2023
Koktejly,1783.00,16.08.2023
Nealko koktejly a vina,550.00,16.08.2023
Zmrzlina,1125.00,16.08.2023
Dorty,3219.00,16.08.2023
Káva,4950.00,16.08.2023
Nealko,2180.00,16.08.2023
Alkohol,158.00,16.08.2023
Nezaplaceno,750.00,16.08.2023
Koktejly,2280.00,17.08.2023
Nealko koktejly a vina,178.00,17.08.2023
Zmrzlina,1655.00,17.08.2023
Dorty,2078.00,17.08.2023
Káva,4419.00,17.08.2023
Nealko,1490.00,17.08.2023
Alkohol,98.00,17.08.2023
Slané,258.00,18.08.2023
Koktejly,2279.00,18.08.2023
Nealko koktejly a vina,89.00,18.08.2023
Zmrzlina,1525.00,18.08.2023
Dorty,2611.00,18.08.2023
Káva,4601.00,18.08.2023
Nealko,2851.00,18.08.2023
Alkohol,360.00,18.08.2023
Koktejly,1960.00,19.08.2023
Nealko koktejly a vina,833.00,19.08.2023
Zmrzlina,2210.00,19.08.2023
Dorty,4379.00,19.08.2023
Káva,6085.00,19.08.2023
Nealko,3410.00,19.08.2023
Ostatní základní sazba,10.00,19.08.2023
Slané,557.00,20.08.2023
Koktejly,1863.00,20.08.2023
Nealko koktejly a vina,760.00,20.08.2023
Zmrzlina,1540.00,20.08.2023
Dorty,2240.00,20.08.2023
Káva,6656.50,20.08.2023
Nealko,4336.00,20.08.2023
Alkohol,364.00,20.08.2023
Ostatní základní sazba,20.00,20.08.2023
Koktejly,1566.00,21.08.2023
Nealko koktejly a vina,404.00,21.08.2023
Zmrzlina,1645.00,21.08.2023
Dorty,1870.00,21.08.2023
Káva,3116.00,21.08.2023
Nealko,1771.00,21.08.2023
Alkohol,218.00,21.08.2023
Teplé nealko,59.00,21.08.2023
Ostatní základní sazba,10.00,21.08.2023
Koktejly,1813.00,22.08.2023
Nealko koktejly a vina,404.00,22.08.2023
Zmrzlina,2400.00,22.08.2023
Dorty,2538.00,22.08.2023
Káva,3842.00,22.08.2023
Nealko,2641.00,22.08.2023
Alkohol,250.00,22.08.2023
Ostatní základní sazba,10.00,22.08.2023
Slané,425.00,23.08.2023
Koktejly,1199.00,23.08.2023
Nealko koktejly a vina,210.00,23.08.2023
Zmrzlina,945.00,23.08.2023
Dorty,2136.00,23.08.2023
Káva,4033.30,23.08.2023
Nealko,2730.00,23.08.2023
Alkohol,512.00,23.08.2023
Ostatní základní sazba,10.00,23.08.2023
Slané,170.00,24.08.2023
Koktejly,1087.00,24.08.2023
Zmrzlina,2010.00,24.08.2023
Dorty,2581.00,24.08.2023
Káva,5386.00,24.08.2023
Nealko,1814.00,24.08.2023
Koktejly,1467.00,25.08.2023
Nealko koktejly a vina,373.00,25.08.2023
Zmrzlina,2035.00,25.08.2023
Dorty,1810.00,25.08.2023
Káva,5374.00,25.08.2023
Nealko,3116.00,25.08.2023
Alkohol,175.00,25.08.2023
Teplé nealko,59.00,25.08.2023
Slané,129.00,26.08.2023
Koktejly,2248.00,26.08.2023
Nealko koktejly a vina,801.00,26.08.2023
Zmrzlina,2625.00,26.08.2023
Dorty,5133.00,26.08.2023
Káva,8801.00,26.08.2023
Nealko,4547.00,26.08.2023
Alkohol,556.00,26.08.2023
Koktejly,1587.75,27.08.2023
Nealko koktejly a vina,778.00,27.08.2023
Zmrzlina,3515.00,27.08.2023
Dorty,4794.00,27.08.2023
Káva,9875.20,27.08.2023
Nealko,4812.05,27.08.2023
Alkohol,267.00,27.08.2023
Ostatní základní sazba,10.00,27.08.2023
Koktejly,1635.00,28.08.2023
Nealko koktejly a vina,550.00,28.08.2023
Zmrzlina,805.00,28.08.2023
Dorty,2537.00,28.08.2023
Káva,2750.00,28.08.2023
Nealko,1840.00,28.08.2023
Alkohol,245.00,28.08.2023
Koktejly,654.00,29.08.2023
Zmrzlina,70.00,29.08.2023
Dorty,890.00,29.08.2023
Káva,697.00,29.08.2023
Nealko,228.00,29.08.2023
Alkohol,98.00,29.08.2023
Koktejly,1021.00,30.08.2023
Zmrzlina,245.00,30.08.2023
Dorty,1335.00,30.08.2023
Káva,2631.00,30.08.2023
Nealko,569.00,30.08.2023
Alkohol,278.00,30.08.2023
Slané,347.00,31.08.2023
Koktejly,663.00,31.08.2023
Nealko koktejly a vina,299.00,31.08.2023
Zmrzlina,490.00,31.08.2023
Dorty,2522.00,31.08.2023
Káva,3526.00,31.08.2023
Nealko,1160.00,31.08.2023
Alkohol,49.00,31.08.2023
Teplé nealko,59.00,31.08.2023
Slané,129.00,01.09.2023
Koktejly,2665.00,01.09.2023
Nealko koktejly a vina,388.00,01.09.2023
Zmrzlina,1120.00,01.09.2023
Dorty,5785.00,01.09.2023
Káva,6049.00,01.09.2023
Nealko,1569.00,01.09.2023
Alkohol,407.00,01.09.2023
Teplé nealko,236.00,01.09.2023
Nezaplaceno,596.00,01.09.2023
Slané,79.00,02.09.2023
Koktejly,2287.00,02.09.2023
Nealko koktejly a vina,358.00,02.09.2023
Zmrzlina,1825.00,02.09.2023
Dorty,4466.00,02.09.2023
Káva,8815.00,02.09.2023
Nealko,3918.00,02.09.2023
Alkohol,798.00,02.09.2023
Slané,255.00,03.09.2023
Koktejly,1842.00,03.09.2023
Nealko koktejly a vina,359.00,03.09.2023
Zmrzlina,1300.00,03.09.2023
Dorty,6720.00,03.09.2023
Káva,8748.00,03.09.2023
Nealko,3279.00,03.09.2023
Alkohol,326.00,03.09.2023
Teplé nealko,118.00,03.09.2023
Ostatní základní sazba,10.00,03.09.2023
Koktejly,991.00,04.09.2023
Nealko koktejly a vina,551.00,04.09.2023
Zmrzlina,1280.00,04.09.2023
Dorty,2063.00,04.09.2023
Káva,4016.00,04.09.2023
Nealko,967.00,04.09.2023
Koktejly,555.00,05.09.2023
Zmrzlina,1545.00,05.09.2023
Dorty,1691.00,05.09.2023
Káva,2910.00,05.09.2023
Nealko,933.00,05.09.2023
Alkohol,354.00,05.09.2023
Slané,299.00,06.09.2023
Koktejly,664.00,06.09.2023
Nealko koktejly a vina,178.00,06.09.2023
Zmrzlina,1365.00,06.09.2023
Dorty,3625.60,06.09.2023
Káva,4710.80,06.09.2023
Nealko,1777.00,06.09.2023
Alkohol,147.00,06.09.2023
Teplé nealko,118.00,06.09.2023
Slané,79.00,07.09.2023
Koktejly,2029.00,07.09.2023
Nealko koktejly a vina,550.00,07.09.2023
Zmrzlina,1705.00,07.09.2023
Dorty,2700.00,07.09.2023
Káva,4799.00,07.09.2023
Nealko,1507.00,07.09.2023
Alkohol,260.00,07.09.2023
Slané,170.00,08.09.2023
Koktejly,1099.00,08.09.2023
Nealko koktejly a vina,493.00,08.09.2023
Zmrzlina,945.00,08.09.2023
Dorty,2225.00,08.09.2023
Káva,5538.00,08.09.2023
Nealko,2144.00,08.09.2023
Alkohol,753.00,08.09.2023
Teplé nealko,59.00,08.09.2023
Slané,170.00,09.09.2023
Koktejly,2274.00,09.09.2023
Nealko koktejly a vina,747.00,09.09.2023
Zmrzlina,2390.00,09.09.2023
Dorty,4747.00,09.09.2023
Káva,8389.00,09.09.2023
Nealko,2287.00,09.09.2023
Alkohol,485.00,09.09.2023
Slané,384.00,10.09.2023
Koktejly,861.00,10.09.2023
Nealko koktejly a vina,315.00,10.09.2023
Zmrzlina,4115.00,10.09.2023
Dorty,6144.00,10.09.2023
Káva,10852.00,10.09.2023
Nealko,4044.00,10.09.2023
Alkohol,158.00,10.09.2023
Teplé nealko,59.00,10.09.2023
Koktejly,704.00,11.09.2023
Nealko koktejly a vina,388.00,11.09.2023
Zmrzlina,1060.00,11.09.2023
Dorty,2241.00,11.09.2023
Káva,4413.00,11.09.2023
Nealko,2076.00,11.09.2023
Alkohol,245.00,11.09.2023
Teplé nealko,59.00,11.09.2023
Slané,85.00,14.09.2023
Koktejly,1229.00,14.09.2023
Nealko koktejly a vina,89.00,14.09.2023
Zmrzlina,515.00,14.09.2023
Dorty,2225.00,14.09.2023
Káva,3056.00,14.09.2023
Nealko,274.00,14.09.2023
Alkohol,49.00,14.09.2023
Teplé nealko,59.00,14.09.2023
Koktejly,436.00,15.09.2023
Nealko koktejly a vina,89.00,15.09.2023
Zmrzlina,1580.00,15.09.2023
Dorty,2879.00,15.09.2023
Káva,4831.00,15.09.2023
Nealko,1424.00,15.09.2023
Alkohol,360.00,15.09.2023
Teplé nealko,236.00,15.09.2023
Slané,170.00,16.09.2023
Koktejly,3393.00,16.09.2023
Nealko koktejly a vina,658.00,16.09.2023
Zmrzlina,2010.00,16.09.2023
Dorty,6142.00,16.09.2023
Káva,9396.00,16.09.2023
Nealko,4697.00,16.09.2023
Alkohol,473.00,16.09.2023
Teplé nealko,59.00,16.09.2023
Slané,299.00,17.09.2023
Koktejly,1961.00,17.09.2023
Nealko koktejly a vina,210.00,17.09.2023
Zmrzlina,3365.00,17.09.2023
Dorty,5593.00,17.09.2023
Káva,9869.00,17.09.2023
Nealko,3981.00,17.09.2023
Alkohol,218.00,17.09.2023
Ostatní základní sazba,10.00,17.09.2023
Slané,79.00,19.09.2023
Dorty,623.00,19.09.2023
Káva,1256.00,19.09.2023
Nealko,431.00,19.09.2023
Alkohol,49.00,19.09.2023
Teplé nealko,59.00,19.09.2023
Koktejly,1130.00,20.09.2023
Zmrzlina,1260.00,20.09.2023
Dorty,2048.00,20.09.2023
Káva,4133.00,20.09.2023
Nealko,2030.00,20.09.2023
Alkohol,409.00,20.09.2023
Teplé nealko,177.00,20.09.2023
Nezaplaceno,1960.00,20.09.2023
Koktejly,545.00,21.09.2023
Zmrzlina,605.00,21.09.2023
Dorty,2314.00,21.09.2023
Káva,4790.00,21.09.2023
Nealko,884.00,21.09.2023
Slané,214.00,22.09.2023
Koktejly,654.00,22.09.2023
Zmrzlina,385.00,22.09.2023
Dorty,2923.00,22.09.2023
Káva,3491.00,22.09.2023
Nealko,873.00,22.09.2023
Alkohol,98.00,22.09.2023
Teplé nealko,59.00,22.09.2023
Ostatní základní sazba,20.00,22.09.2023
Slané,214.00,23.09.2023
Koktejly,337.00,23.09.2023
Zmrzlina,140.00,23.09.2023
Dorty,1602.00,23.09.2023
Káva,2907.00,23.09.2023
Nealko,810.00,23.09.2023
Alkohol,458.00,23.09.2023
Teplé nealko,59.00,23.09.2023
Ostatní základní sazba,10.00,23.09.2023
Slané,170.00,24.09.2023
Koktejly,912.00,24.09.2023
Zmrzlina,140.00,24.09.2023
Dorty,2418.00,24.09.2023
Káva,3976.00,24.09.2023
Nealko,1075.00,24.09.2023
Teplé nealko,295.00,24.09.2023
Koktejly,425.00,25.09.2023
Zmrzlina,770.00,25.09.2023
Dorty,2078.00,25.09.2023
Káva,2551.00,25.09.2023
Nealko,1084.00,25.09.2023
Alkohol,147.00,25.09.2023
Koktejly,1307.00,26.09.2023
Nealko koktejly a vina,178.00,26.09.2023
Zmrzlina,665.00,26.09.2023
Dorty,1604.00,26.09.2023
Káva,3480.00,26.09.2023
Nealko,1373.00,26.09.2023
Alkohol,120.00,26.09.2023
Ostatní základní sazba,3.30,26.09.2023
Slané,129.00,27.09.2023
Koktejly,882.00,27.09.2023
Nealko koktejly a vina,405.00,27.09.2023
Zmrzlina,700.00,27.09.2023
Dorty,2598.80,27.09.2023
Káva,4080.00,27.09.2023
Nealko,1673.00,27.09.2023
Alkohol,218.00,27.09.2023
Teplé nealko,59.00,27.09.2023
Koktejly,3677.00,28.09.2023
Nealko koktejly a vina,1075.00,28.09.2023
Zmrzlina,4025.00,28.09.2023
Dorty,8841.00,28.09.2023
Káva,14906.00,28.09.2023
Nealko,5313.00,28.09.2023
Alkohol,730.00,28.09.2023
Teplé nealko,118.00,28.09.2023
Ostatní základní sazba,10.00,28.09.2023
Nezaplaceno,483.00,28.09.2023
Slané,208.00,29.09.2023
Koktejly,3277.00,29.09.2023
Nealko koktejly a vina,792.00,29.09.2023
Zmrzlina,2770.00,29.09.2023
Dorty,8251.00,29.09.2023
Káva,10408.00,29.09.2023
Nealko,4334.00,29.09.2023
Alkohol,169.00,29.09.2023
Teplé nealko,295.00,29.09.2023
Nezaplaceno,483.00,29.09.2023
Slané,299.00,30.09.2023
Koktejly,861.00,30.09.2023
Nealko koktejly a vina,315.00,30.09.2023
Zmrzlina,245.00,30.09.2023
Dorty,4480.00,30.09.2023
Káva,4521.00,30.09.2023
Nealko,1295.00,30.09.2023
Alkohol,339.00,30.09.2023
Teplé nealko,413.00,30.09.2023
Ostatní základní sazba,20.00,30.09.2023
Nezaplaceno,483.00,30.09.2023
Koktejly,839.00,01.10.2023
Nealko koktejly a vina,478.00,01.10.2023
Zmrzlina,1400.00,01.10.2023
Dorty,5475.00,01.10.2023
Káva,6906.00,01.10.2023
Nealko,2373.00,01.10.2023
Teplé nealko,295.00,01.10.2023
Nezaplaceno,483.00,01.10.2023
Koktejly,1992.00,02.10.2023
Zmrzlina,775.00,02.10.2023
Dorty,1150.00,02.10.2023
Káva,2954.00,02.10.2023
Nealko,1234.00,02.10.2023
Alkohol,205.00,02.10.2023
Koktejly,751.00,03.10.2023
Nealko koktejly a vina,445.00,03.10.2023
Zmrzlina,280.00,03.10.2023
Dorty,2314.00,03.10.2023
Káva,3490.00,03.10.2023
Nealko,1213.00,03.10.2023
Alkohol,459.00,03.10.2023
Teplé nealko,59.00,03.10.2023
Koktejly,305.00,04.10.2023
Zmrzlina,605.00,04.10.2023
Dorty,1958.00,04.10.2023
Káva,2426.00,04.10.2023
Nealko,751.00,04.10.2023
Teplé nealko,59.00,04.10.2023
Slané,129.00,05.10.2023
Koktejly,674.00,05.10.2023
Zmrzlina,105.00,05.10.2023
Dorty,1083.00,05.10.2023
Káva,2185.00,05.10.2023
Nealko,973.00,05.10.2023
Alkohol,49.00,05.10.2023
Teplé nealko,118.00,05.10.2023
Teplé alkoholické nápoje,68.00,05.10.2023
Slané,258.00,06.10.2023
Koktejly,861.00,06.10.2023
Nealko koktejly a vina,210.00,06.10.2023
Zmrzlina,560.00,06.10.2023
Dorty,1855.00,06.10.2023
Káva,3658.00,06.10.2023
Nealko,947.00,06.10.2023
Teplé nealko,118.00,06.10.2023
Koktejly,664.00,07.10.2023
Nealko koktejly a vina,89.00,07.10.2023
Zmrzlina,880.00,07.10.2023
Dorty,6084.00,07.10.2023
Káva,8901.00,07.10.2023
Nealko,3150.00,07.10.2023
Alkohol,507.00,07.10.2023
Teplé nealko,236.00,07.10.2023
Slané,258.00,08.10.2023
Koktejly,327.00,08.10.2023
Nealko koktejly a vina,388.00,08.10.2023
Zmrzlina,140.00,08.10.2023
Dorty,3204.00,08.10.2023
Káva,2691.00,08.10.2023
Nealko,635.00,08.10.2023
Teplé nealko,177.00,08.10.2023
Ostatní základní sazba,20.00,08.10.2023
Dorty,534.00,09.10.2023
Káva,571.00,09.10.2023
Nealko,49.00,09.10.2023
Alkohol,60.00,09.10.2023
Koktejly,436.00,11.10.2023
Nealko koktejly a vina,89.00,11.10.2023
Dorty,1602.00,11.10.2023
Káva,2358.00,11.10.2023
Nealko,436.00,11.10.2023
Alkohol,247.00,11.10.2023
Slané,158.00,12.10.2023
Koktejly,327.00,12.10.2023
Nealko koktejly a vina,194.00,12.10.2023
Zmrzlina,350.00,12.10.2023
Dorty,2047.00,12.10.2023
Káva,2907.00,12.10.2023
Nealko,827.00,12.10.2023
Alkohol,120.00,12.10.2023
Teplé nealko,118.00,12.10.2023
Koktejly,1913.00,13.10.2023
Zmrzlina,355.00,13.10.2023
Dorty,2092.00,13.10.2023
Káva,3786.00,13.10.2023
Nealko,1082.00,13.10.2023
Alkohol,314.00,13.10.2023
Teplé nealko,295.00,13.10.2023
Slané,129.00,14.10.2023
Koktejly,2669.00,14.10.2023
Nealko koktejly a vina,315.00,14.10.2023
Zmrzlina,595.00,14.10.2023
Dorty,8989.00,14.10.2023
Káva,10100.00,14.10.2023
Nealko,3677.00,14.10.2023
Alkohol,147.00,14.10.2023
Teplé nealko,236.00,14.10.2023
Teplé alkoholické nápoje,65.00,14.10.2023
Ostatní základní sazba,20.00,14.10.2023
Slané,129.00,15.10.2023
Koktejly,773.00,15.10.2023
Dorty,5533.00,15.10.2023
Káva,5699.00,15.10.2023
Nealko,1505.00,15.10.2023
Alkohol,180.00,15.10.2023
Teplé nealko,236.00,15.10.2023
Teplé alkoholické nápoje,594.00,15.10.2023
Ostatní základní sazba,20.00,15.10.2023
Koktejly,436.00,16.10.2023
Zmrzlina,70.00,16.10.2023
Dorty,1068.00,16.10.2023
Káva,1703.00,16.10.2023
Nealko,218.00,16.10.2023
Alkohol,169.00,16.10.2023
Teplé alkoholické nápoje,325.00,16.10.2023
Dorty,507.00,17.10.2023
Káva,1210.50,17.10.2023
Nealko,273.50,17.10.2023
Dorty,712.00,18.10.2023
Káva,1204.00,18.10.2023
Nealko,213.00,18.10.2023
Alkohol,60.00,18.10.2023
Teplé nealko,177.00,18.10.2023
Koktejly,218.00,19.10.2023
Dorty,1157.00,19.10.2023
Káva,1456.00,19.10.2023
Nealko,472.00,19.10.2023
Teplé nealko,236.00,19.10.2023
Teplé alkoholické nápoje,68.00,19.10.2023
Slané,85.00,20.10.2023
Koktejly,544.00,20.10.2023
Nealko koktejly a vina,268.00,20.10.2023
Dorty,2225.00,20.10.2023
Káva,1743.00,20.10.2023
Nealko,428.00,20.10.2023
Alkohol,55.00,20.10.2023
Teplé nealko,236.00,20.10.2023
Teplé alkoholické nápoje,133.00,20.10.2023
Slané,214.00,21.10.2023
Koktejly,2057.00,21.10.2023
Nealko koktejly a vina,584.00,21.10.2023
Dorty,7209.00,21.10.2023
Káva,7307.00,21.10.2023
Nealko,3281.00,21.10.2023
Alkohol,584.00,21.10.2023
Teplé nealko,59.00,21.10.2023
Teplé alkoholické nápoje,65.00,21.10.2023
Nezaplaceno,98.00,21.10.2023
Slané,129.00,22.10.2023
Koktejly,347.00,22.10.2023
Dorty,1439.00,22.10.2023
Káva,1779.00,22.10.2023
Nealko,638.00,22.10.2023
Alkohol,109.00,22.10.2023
Teplé nealko,236.00,22.10.2023
Teplé alkoholické nápoje,65.00,22.10.2023
Koktejly,545.00,24.10.2023
Dorty,356.00,24.10.2023
Káva,1439.00,24.10.2023
Nealko,448.00,24.10.2023
Alkohol,120.00,24.10.2023
Teplé nealko,118.00,24.10.2023
Teplé alkoholické nápoje,79.00,24.10.2023
Koktejly,763.00,25.10.2023
Dorty,994.00,25.10.2023
Káva,1724.00,25.10.2023
Nealko,117.00,25.10.2023
Alkohol,420.00,25.10.2023
Teplé nealko,118.00,25.10.2023
Koktejly,632.00,26.10.2023
Dorty,1513.00,26.10.2023
Káva,2946.00,26.10.2023
Nealko,404.00,26.10.2023
Alkohol,158.00,26.10.2023
Teplé nealko,59.00,26.10.2023
Teplé alkoholické nápoje,237.00,26.10.2023
Koktejly,109.00,27.10.2023
Dorty,1335.00,27.10.2023
Káva,1250.00,27.10.2023
Nealko,281.00,27.10.2023
Alkohol,388.00,27.10.2023
Teplé nealko,118.00,27.10.2023
Teplé alkoholické nápoje,158.00,27.10.2023
Koktejly,4301.00,28.10.2023
Nealko koktejly a vina,194.00,28.10.2023
Dorty,4005.00,28.10.2023
Káva,5994.00,28.10.2023
Nealko,1120.00,28.10.2023
Alkohol,589.00,28.10.2023
Teplé nealko,413.00,28.10.2023
Teplé alkoholické nápoje,395.00,28.10.2023
Koktejly,446.00,29.10.2023
Nealko koktejly a vina,210.00,29.10.2023
Dorty,5103.00,29.10.2023
Káva,6234.00,29.10.2023
Nealko,987.00,29.10.2023
Alkohol,70.00,29.10.2023
Teplé nealko,59.00,29.10.2023
Teplé alkoholické nápoje,316.00,29.10.2023
Ostatní základní sazba,20.00,29.10.2023
Koktejly,218.00,30.10.2023
Nealko koktejly a vina,105.00,30.10.2023
Dorty,801.00,30.10.2023
Káva,740.00,30.10.2023
Nealko,338.00,30.10.2023
Teplé alkoholické nápoje,79.00,30.10.2023
Koktejly,119.00,31.10.2023
Nealko koktejly a vina,89.00,31.10.2023
Dorty,623.00,31.10.2023
Káva,278.00,31.10.2023
Nealko,293.00,31.10.2023
Teplé nealko,59.00,31.10.2023
Koktejly,109.00,01.11.2023
Dorty,89.00,01.11.2023
Káva,542.00,01.11.2023
Nealko,39.00,01.11.2023
Koktejly,218.00,02.11.2023
Dorty,1068.00,02.11.2023
Káva,1137.00,02.11.2023
Nealko,209.00,02.11.2023
Teplé nealko,59.00,02.11.2023
Slané,170.00,03.11.2023
Koktejly,109.00,03.11.2023
Dorty,267.00,03.11.2023
Káva,857.00,03.11.2023
Nealko,144.00,03.11.2023
Teplé nealko,59.00,03.11.2023
Slané,85.00,04.11.2023
Koktejly,1498.00,04.11.2023
Nealko koktejly a vina,105.00,04.11.2023
Dorty,3649.00,04.11.2023
Káva,4857.00,04.11.2023
Nealko,744.00,04.11.2023
Alkohol,147.00,04.11.2023
Teplé nealko,413.00,04.11.2023
Teplé alkoholické nápoje,837.00,04.11.2023
Slané,129.00,05.11.2023
Koktejly,109.00,05.11.2023
Dorty,1869.00,05.11.2023
Káva,2749.00,05.11.2023
Nealko,492.00,05.11.2023
Alkohol,240.00,05.11.2023
Teplé nealko,177.00,05.11.2023
Teplé alkoholické nápoje,79.00,05.11.2023
Ostatní základní sazba,10.00,05.11.2023
Koktejly,327.00,08.11.2023
Dorty,178.00,08.11.2023
Káva,375.00,08.11.2023
Nealko,117.00,08.11.2023
Teplé nealko,118.00,08.11.2023
Teplé alkoholické nápoje,79.00,08.11.2023
Koktejly,228.00,09.11.2023
Dorty,445.00,09.11.2023
Káva,1114.00,09.11.2023
Teplé nealko,118.00,09.11.2023
Nezaplaceno,299.00,09.11.2023
Koktejly,654.00,10.11.2023
Dorty,540.40,10.11.2023
Káva,519.00,10.11.2023
Nealko,323.00,10.11.2023
Teplé nealko,177.00,10.11.2023
Teplé alkoholické nápoje,79.00,10.11.2023
Koktejly,436.00,11.11.2023
Dorty,2314.00,11.11.2023
Káva,3117.00,11.11.2023
Nealko,718.00,11.11.2023
Alkohol,85.00,11.11.2023
Teplé nealko,59.00,11.11.2023
Teplé alkoholické nápoje,316.00,11.11.2023
Nezaplaceno,52.00,11.11.2023
Koktejly,218.00,12.11.2023
Nealko koktejly a vina,105.00,12.11.2023
Dorty,3115.00,12.11.2023
Káva,3470.00,12.11.2023
Nealko,673.00,12.11.2023
Alkohol,140.00,12.11.2023
Teplé nealko,590.00,12.11.2023
Teplé alkoholické nápoje,599.00,12.11.2023
Ostatní základní sazba,10.00,12.11.2023
Koktejly,109.00,15.11.2023
Dorty,163.00,15.11.2023
Káva,432.00,15.11.2023
Teplé alkoholické nápoje,79.00,15.11.2023
Koktejly,238.00,16.11.2023
Dorty,445.00,16.11.2023
Káva,908.00,16.11.2023
Nealko,186.00,16.11.2023
Teplé alkoholické nápoje,226.00,16.11.2023
Nezaplaceno,305.00,16.11.2023
Slané,129.00,17.11.2023
Dorty,2759.00,17.11.2023
Káva,2465.00,17.11.2023
Nealko,397.00,17.11.2023
Alkohol,180.00,17.11.2023
Teplé nealko,354.00,17.11.2023
Teplé alkoholické nápoje,305.00,17.11.2023
Nezaplaceno,753.00,17.11.2023
Slané,129.00,18.11.2023
Koktejly,2210.00,18.11.2023
Dorty,4109.00,18.11.2023
Káva,4522.00,18.11.2023
Nealko,1107.00,18.11.2023
Alkohol,707.00,18.11.2023
Teplé nealko,590.00,18.11.2023
Teplé alkoholické nápoje,1095.00,18.11.2023
Nezaplaceno,753.00,18.11.2023
Slané,59.50,19.11.2023
Dorty,1014.50,19.11.2023
Káva,1099.00,19.11.2023
Nealko,160.00,19.11.2023
Alkohol,180.00,19.11.2023
Teplé nealko,59.00,19.11.2023
Teplé alkoholické nápoje,226.00,19.11.2023
Koktejly,327.00,23.11.2023
Nealko koktejly a vina,105.00,23.11.2023
Dorty,1780.00,23.11.2023
Káva,1283.00,23.11.2023
Alkohol,561.00,23.11.2023
Teplé nealko,236.00,23.11.2023
Nealko koktejly a vina,267.00,24.11.2023
Dorty,356.00,24.11.2023
Káva,990.00,24.11.2023
Nealko,39.00,24.11.2023
Koktejly,109.00,25.11.2023
Nealko koktejly a vina,90.00,25.11.2023
Dorty,1691.00,25.11.2023
Káva,1977.00,25.11.2023
Nealko,479.00,25.11.2023
Alkohol,120.00,25.11.2023
Teplé nealko,236.00,25.11.2023
Teplé alkoholické nápoje,68.00,25.11.2023
Dorty,1691.00,26.11.2023
Káva,1382.00,26.11.2023
Nealko,300.00,26.11.2023
Teplé nealko,118.00,26.11.2023
Dorty,623.00,29.11.2023
Káva,558.00,29.11.2023
Teplé nealko,118.00,29.11.2023
Koktejly,327.00,29.11.2023
Dorty,89.00,29.11.2023
Káva,195.00,29.11.2023
Nezaplaceno,588.00,29.11.2023
Slané,450.00,30.11.2023
Dorty,712.00,30.11.2023
Káva,567.00,30.11.2023
Nealko,254.00,30.11.2023
Alkohol,196.00,30.11.2023
Koktejly,654.00,02.12.2023
Nealko koktejly a vina,525.00,02.12.2023
Dorty,712.00,02.12.2023
Káva,1261.10,02.12.2023
Nealko,250.00,02.12.2023
Alkohol,490.00,02.12.2023
Teplé nealko,708.00,02.12.2023
Teplé alkoholické nápoje,68.00,02.12.2023
Dorty,89.00,07.12.2023
Káva,690.00,07.12.2023
Nealko,25.00,07.12.2023
Alkohol,120.00,07.12.2023
Teplé nealko,177.00,07.12.2023
Koktejly,109.00,08.12.2023
Dorty,178.00,08.12.2023
Káva,430.00,08.12.2023
Nealko,49.00,08.12.2023
Teplé alkoholické nápoje,553.00,08.12.2023
Koktejly,109.00,09.12.2023
Nealko koktejly a vina,105.00,09.12.2023
Dorty,1157.00,09.12.2023
Káva,1513.00,09.12.2023
Nealko,414.00,09.12.2023
Alkohol,488.00,09.12.2023
Teplé alkoholické nápoje,237.00,09.12.2023
Dorty,1424.00,10.12.2023
Káva,459.00,10.12.2023
Nealko,219.00,10.12.2023
Teplé nealko,118.00,10.12.2023
Teplé alkoholické nápoje,158.00,10.12.2023
